Provincia,Estadillo,Clase,Subclase,Hoja50,CoorX,CoorY,Nivel1,Nivel2,Nivel3,FccTot,FccArb,DisEsp,ComEsp,Tesela,Poligon,TipEstr,Huso
45,"0004","A",,"579","354956","4459817","1","1","1",,"60","1",,,1129184,393,30
45,"0005","A",,"579","346867","4458807","1","1","1",,"70","1",,,1129763,403,30
45,"0006","A",,"579","352902","4458821","1","1","1",,"20","6",,,1126388,23,30
45,"0007","A",,"579","353890","4458793","1","1","3",,"40","9",,,1133788,34,30
45,"0009","A",,"579","346890","4457793","1","2","1",,"10","1",,,1125504,31,30
45,"0010","A",,"579","351856","4457803","1","1","1",,"75","1",,,1129859,61,30
45,"0012","A",,"579","354924","4457830","1","1","1",,"60","1",,,1128885,18,30
45,"0015","A",,"579","352917","4456807","1","1","1",,"70","1",,,1129639,18,30
45,"0016","A",,"579","353890","4456793","1","1","1",,"70","1",,,1129529,18,30
45,"0020","A",,"579","349907","4455774","1","1","1",,"75","1",,,1129870,403,30
45,"0023","A",,"579","352913","4455797","1","1","1",,"50","1",,,1128530,31,30
45,"0024","A",,"579","353907","4455817","1","1","1",,"70","1",,,1129698,31,30
45,"0025","A",,"579","354890","4455793","1","1","3",,"65","9",,,1134030,34,30
45,"0026","A",,"579","355924","4455821","1","1","3",,"65","9",,,1134030,34,30
45,"0027","A",,"579","347894","4454766","1","2","3",,"15","9",,,1132930,34,30
45,"0028","A",,"579","349901","4454821","1","1","1",,"65","1",,,1129330,18,30
45,"0031","A",,"579","354907","4454835","1","1","1",,"70","1",,,1129782,403,30
45,"0032","A",,"579","355876","4454807","1","1","3",,"45","9",,,1133900,34,30
45,"0034","A",,"579","351924","4453794","1","1","3",,"45","9",,,1133994,34,30
45,"0035","A",,"579","352959","4453796","1","1","3",,"55","9",,,1134024,34,30
45,"0036","A",,"579","353920","4453789","1","1","3",,"20","9",,,1133306,34,30
45,"0037","A",,"579","354901","4453756","1","1","1",,"65","1",,,1129418,403,30
45,"0039","A",,"579","343895","4452769","1","1","3",,"30","9",,,1133640,34,30
45,"0041","A",,"579","349890","4452793","1","1","3",,"45","9",,,1133943,34,30
45,"0042","A",,"579","350890","4452793","1","1","3",,"45","9",,,1133943,34,30
45,"0044","A",,"579","352920","4452787","1","1","3",,"45","9",,,1133994,34,30
45,"0046","A",,"579","355890","4452793","1","1","1",,"65","1",,,1129418,403,30
45,"0047","A",,"579","345890","4451793","1","1","1",,"25","1",,,1126676,18,30
45,"0048","A",,"579","350896","4451738","1","1","1",,"80","1",,,1129934,18,30
45,"0052","A",,"579","356906","4451753","1","1","1",,"70","1",,,1129637,18,30
45,"0053","A",,"579","357890","4451793","1","1","1",,"40","1",,,1127994,403,30
45,"0054","A",,"579","364019","4451763","1","1","1",,"40","1",,,1127657,18,30
45,"0055","A",,"579","364936","4451812","1","1","1",,"35","1",,,1127209,18,30
45,"0056","A",,"579","365969","4451803","1","1","1",,"60","1",,,1128926,18,30
45,"0059","A",,"579","344900","4450786","1","1","3",,"30","9",,,1133637,34,30
45,"0062","A",,"579","350890","4450758","1","1","1",,"60","1",,,1129214,403,30
45,"0063","A",,"579","351898","4450733","1","1","3",,"45","9",,,1133993,34,30
45,"0064","A",,"579","353890","4450793","1","1","3",,"25","9",,,1133466,34,30
45,"0068","A",,"579","358942","4450766","1","1","3",,"60","9",,,1134026,34,30
45,"0069","A",,"579","359890","4450793","1","1","3",,"60","9",,,1134026,34,30
45,"0074","A",,"579","365890","4450793","1","1","1",,"70","1",,,1129440,7,30
45,"0075","A",,"579","367997","4450862","1","1","1",,"60","1",,,1129199,403,30
45,"0076","A",,"579","368960","4450820","1","1","1",,"60","1",,,1129199,403,30
45,"0079","A",,"579","349869","4449736","1","1","1",,"30","1",,,1126831,18,30
45,"0081","A",,"579","355920","4449768","1","1","1",,"30","1",,,1127016,18,30
45,"0082","A",,"579","356854","4449716","1","1","1",,"70","1",,,1129781,403,30
45,"0084","A",,"579","358964","4449782","1","1","3",,"30","9",,,1133526,34,30
45,"0085","A",,"579","359890","4449793","1","1","1",,"60","1",,,1129217,403,30
45,"0087","A",,"579","362994","4449797","1","1","1",,"45","1",,,1128042,18,30
45,"0088","A",,"579","363961","4449831","1","1","1",,"45","1",,,1128042,18,30
45,"0089","A",,"579","365951","4449821","1","1","1",,"60","1",,,1129216,403,30
45,"0090","A",,"579","366987","4449864","1","1","1",,"60","1",,,1129223,403,30
45,"0092","A",,"579","369992","4449855","1","1","1",,"30","1",,,1126953,18,30
45,"0093","A",,"579","343890","4448793","1","1","3",,"50","9",,,1134016,34,30
45,"0096","A",,"579","356935","4448769","1","1","1",,"40","1",,,1127982,403,30
45,"0097","A",,"579","357901","4448766","1","1","1",,"60","1",,,1129217,403,30
45,"0099","A",,"579","361997","4448792","1","2","1",,"10","1",,,1125413,18,30
45,"0101","A",,"579","365976","4448834","1","1","1",,"40","1",,,1127970,403,30
45,"0104","A",,"579","368957","4448813","1","1","1",,"40","1",,,1127984,403,30
45,"0105","A",,"579","349890","4447793","1","1","1",,"35","1",,,1127149,15,30
45,"0109","A",,"579","362959","4447809","1","1","1",,"50","1",,,1128569,403,30
45,"0110","A",,"579","363890","4447793","1","1","1",,"50","1",,,1128569,403,30
45,"0112","A",,"579","366975","4447793","1","1","1",,"60","1",,,1129194,403,30
45,"0113","A",,"579","367890","4447793","1","1","1",,"60","1",,,1129194,403,30
45,"0114","A",,"579","368988","4447859","1","2","1",,"15","1",,,1125546,7,30
45,"0117","A",,"580","382890","4462793","1","1","2",,"35","1",,,1131873,403,30
45,"0118","A",,"580","383902","4462771","1","1","1",,"50","1",,,1128473,23,30
45,"0119","A",,"580","382857","4461767","1","1","1",,"65","1",,,1129347,23,30
45,"0120","A",,"580","383890","4461793","1","1","1",,"50","1",,,1128473,23,30
45,"0121","A",,"580","382890","4460793","1","1","1",,"65","1",,,1129347,23,30
45,"0122","A",,"580","383874","4460754","1","1","1",,"65","1",,,1129347,23,30
45,"0124","A",,"580","382835","4459768","1","1","1",,"75","1",,,1129825,23,30
45,"0125","A",,"580","383841","4459785","1","1","1",,"80","1",,,1129967,23,30
45,"0128","A",,"580","383890","4457793","1","1","1",,"40","1",,,1127854,23,30
45,"0129","A",,"580","384850","4457755","1","1","1",,"40","1",,,1127854,23,30
45,"0131","A",,"580","384881","4456783","1","1","2",,"60","1",,,1132136,23,30
45,"0132","A",,"580","393879","4455782","1","1","3",,"30","9",,,1133664,34,30
45,"0136","A",,"580","385890","4453793","1","1","1",,"55","1",,,1128657,18,30
45,"0137","A",,"580","387884","4453783","1","1","1",,"40","1",,,1127818,18,30
45,"0139","A",,"580","387891","4452830","1","2","3",,"15","9",,,1133093,34,30
45,"0146","A",,"580","388890","4451793","1","1","3",,"60","9",,,1134029,34,30
45,"0147","A",,"580","389879","4451797","1","1","1",,"35","1",,,1127309,18,30
45,"0148","A",,"580","390902","4451793","1","1","1",,"40","1",,,1127751,18,30
45,"0150","A",,"580","392889","4451812","1","2","3",,"15","9",,,1133092,34,30
45,"0156","A",,"580","390882","4450780","1","1","1",,"35","1",,,1127309,18,30
45,"0159","A",,"580","371860","4449839","1","1","1",,"35","1",,,1127245,18,30
45,"0160","A",,"580","379890","4449793","1","1","1",,"20","1",,,1126275,18,30
45,"0162","A",,"580","383890","4449793","1","1","3",,"20","9",,,1133356,34,30
45,"0163","A",,"580","386876","4449857","1","1","3",,"30","9",,,1133660,34,30
45,"0166","A",,"580","389894","4449826","1","1","1",,"40","1",,,1127837,18,30
45,"0167","A",,"580","390860","4449813","1","1","3",,"20","9",,,1133355,34,30
45,"0169","A",,"580","385908","4448834","1","1","3",,"45","9",,,1134000,34,30
45,"0170","A",,"580","386862","4448819","1","1","3",,"45","9",,,1134000,34,30
45,"0171","A",,"580","387908","4448786","1","1","1",,"40","1",,,1127837,18,30
45,"0172","A",,"580","389914","4448788","1","1","3",,"30","9",,,1133661,34,30
45,"0173","A",,"580","390900","4448790","1","1","3",,"30","9",,,1133661,34,30
45,"0174","A",,"580","391885","4448821","1","1","1",,"45","1",,,1128140,18,30
45,"0175","A",,"580","373886","4447815","1","1","3",,"35","9",,,1133767,34,30
45,"0177","A",,"580","384917","4447798","1","1","3",,"30","9",,,1133659,34,30
45,"0179","A",,"580","386895","4447823","1","1","3",,"45","9",,,1134000,34,30
45,"0181","A",,"580","391903","4447799","1","1","1",,"45","1",,,1128140,18,30
45,"0184","A",,"581","401912","4457800","1","1","3",,"25","9",,,1133461,34,30
45,"0188","A",,"600","298869","4440811","1","1","3",,"25","9",,,1133383,34,30
45,"0189","A",,"600","304878","4440790","1","2","3",,"15","9",,,1133021,34,30
45,"0191","A",,"600","306891","4440808","1","2","3",,"15","9",,,1133094,34,30
45,"0192","A",,"600","308856","4440816","1","1","3",,"35","9",,,1133693,34,30
45,"0193","A",,"600","309840","4440798","1","1","3",,"35","9",,,1133693,34,30
45,"0194","A",,"600","310841","4440796","1","2","3",,"10","9",,,1132823,34,30
45,"0195","A",,"600","298883","4439825","1","1","3",,"25","9",,,1133366,34,30
45,"0198","A",,"600","302891","4439794","1","2","3",,"10","9",,,1132662,34,30
45,"0200","A",,"600","307883","4439820","1","1","3",,"40","9",,,1133874,34,30
45,"0201","A",,"600","308830","4439810","1","1","3",,"40","9",,,1133874,34,30
45,"0202","A",,"600","309828","4439786","1","1","3",,"40","9",,,1133874,34,30
45,"0203","A",,"600","310829","4439810","1","1","1",,"40","1",,,1127815,18,30
45,"0205","A",,"600","299896","4438826","1","2","3",,"15","9",,,1132877,34,30
45,"0206","A",,"600","300892","4438843","1","2","1",,"15","1",,,1125585,16,30
45,"0208","A",,"600","304891","4438794","1","2","3",,"10","9",,,1132817,34,30
45,"0210","A",,"600","307944","4438830","1","1","1",,"35","1",,,1127362,18,30
45,"0213","A",,"600","310819","4438833","1","2","3",,"15","9",,,1132914,34,30
45,"0215","A",,"600","305895","4437839","1","2","3",,"15","9",,,1133015,34,30
45,"0217","A",,"600","307886","4437831","1","1","1",,"35","1",,,1127362,18,30
45,"0218","A",,"600","308896","4437830","1","1","1",,"45","1",,,1128132,18,30
45,"0219","A",,"600","312795","4437825","1","2","3",,"15","9",,,1133014,34,30
45,"0223","A",,"600","304899","4436822","1","1","3",,"45","9",,,1133938,34,30
45,"0228","A",,"600","312890","4436793","1","1","1",,"75","1",,,1129849,43,30
45,"0229","A",,"600","308909","4435811","1","1","1",,"35","1",,,1127376,18,30
45,"0232","A",,"600","306881","4434821","1","1","3",,"25","9",,,1133484,34,30
45,"0233","A",,"600","307877","4434806","1","1","3",,"45","9",,,1133934,34,30
45,"0234","A",,"600","308932","4434820","1","1","1",,"45","1",,,1128146,18,30
45,"0235","A",,"600","309914","4434835","1","1","3",,"45","9",,,1133975,34,30
45,"0236","A",,"600","310874","4434817","1","1","1",,"40","1",,,1127935,31,30
45,"0237","A",,"600","312890","4434793","1","2","3",,"15","9",,,1133081,34,30
45,"0239","A",,"600","300844","4433860","1","1","3",,"35","9",,,1133740,34,30
45,"0240","A",,"600","305903","4433839","1","2","3",,"10","9",,,1132805,34,30
45,"0243","A",,"600","307931","4432827","1","1","3",,"45","9",,,1133972,34,30
45,"0246","A",,"600","309891","4431793","1","2","3",,"15","9",,,1132900,34,30
45,"0247","A",,"600","310890","4431793","1","1","1",,"35","1",,,1127358,18,30
45,"0248","A",,"600","311928","4431840","1","1","3",,"45","9",,,1133970,34,30
45,"0249","A",,"600","306928","4430792","1","1","3",,"35","9",,,1133737,34,30
45,"0251","A",,"600","308891","4430824","1","2","3",,"15","9",,,1133011,34,30
45,"0252","A",,"600","309881","4430829","1","2","3",,"15","9",,,1133011,34,30
45,"0256","A",,"601","336828","4445793","1","1","1",,"55","1",,,1128627,18,30
45,"0257","A",,"601","338890","4445793","1","1","1",,"40","1",,,1127817,18,30
45,"0258","A",,"601","322989","4443838","1","1","2",,"65","1",,,1132309,61,30
45,"0259","A",,"601","327890","4443793","1","1","3",,"40","9",,,1133792,34,30
45,"0260","A",,"601","328890","4443793","1","1","2",,"70","1",,,1132422,61,30
45,"0263","A",,"601","338831","4443812","1","1","1",,"35","1",,,1127393,18,30
45,"0265","A",,"601","329020","4441829","1","1","1",,"40","1",,,1127619,18,30
45,"0266","A",,"601","330890","4441793","1","1","1",,"25","1",,,1126490,15,30
45,"0267","A",,"601","332838","4441784","1","1","3",,"20","9",,,1133103,34,30
45,"0268","A",,"601","336890","4441754","1","1","3",,"20","9",,,1133348,34,30
45,"0271","A",,"601","329907","4440793","1","1","1",,"35","1",,,1127200,18,30
45,"0272","A",,"601","330890","4440793","1","2","3",,"10","9",,,1132688,34,30
45,"0274","A",,"601","326990","4439739","1","1","1",,"40","1",,,1127733,18,30
45,"0276","A",,"601","328922","4439812","1","1","1",,"40","1",,,1127646,18,30
45,"0277","A",,"601","329934","4439791","1","2","3",,"15","9",,,1133019,34,30
45,"0281","A",,"601","336887","4439775","1","1","1",,"35","1",,,1127365,18,30
45,"0282","A",,"601","338890","4439793","1","1","3",,"30","9",,,1133655,34,30
45,"0285","A",,"601","315845","4438796","1","1","1",,"30","1",,,1127010,18,30
45,"0287","A",,"601","327906","4438779","1","1","3",,"45","9",,,1133992,34,30
45,"0288","A",,"601","328877","4438781","1","1","3",,"25","9",,,1133475,34,30
45,"0290","A",,"601","331891","4438754","1","1","3",,"35","9",,,1133681,34,30
45,"0292","A",,"601","313829","4437814","1","2","3",,"15","9",,,1133087,34,30
45,"0293","A",,"601","314843","4437802","1","2","3",,"10","9",,,1132861,34,30
45,"0294","A",,"601","316874","4437793","1","1","1",,"35","1",,,1127360,18,30
45,"0295","A",,"601","318890","4437793","1","2","3",,"15","9",,,1133085,34,30
45,"0297","A",,"601","326890","4437793","1","1","3",,"45","9",,,1133990,34,30
45,"0299","A",,"601","328890","4437793","1","1","3",,"45","9",,,1133992,34,30
45,"0303","A",,"601","334867","4437804","1","1","3",,"30","9",,,1133644,34,30
45,"0304","A",,"601","336841","4437803","1","1","3",,"40","9",,,1133864,34,30
45,"0305","A",,"601","338900","4437799","1","1","3",,"30","9",,,1133655,34,30
45,"0310","A",,"601","327933","4436728","1","2","3",,"15","9",,,1132892,34,30
45,"0312","A",,"601","329901","4436813","1","1","3",,"20","9",,,1133313,34,30
45,"0313","A",,"601","330878","4436793","1","1","3",,"40","9",,,1133800,34,30
45,"0314","A",,"601","331904","4436805","1","1","3",,"40","9",,,1133800,34,30
45,"0316","A",,"601","314829","4435772","1","1","1",,"40","1",,,1127924,31,30
45,"0319","A",,"601","320890","4435793","1","2","3",,"15","9",,,1133082,34,30
45,"0320","A",,"601","322890","4435793","1","1","3",,"20","9",,,1133342,34,30
45,"0322","A",,"601","326890","4435793","1","2","1",,"15","1",,,1125949,19,30
45,"0324","A",,"601","329890","4435793","1","1","3",,"20","9",,,1133313,34,30
45,"0326","A",,"601","332891","4435830","1","1","3",,"45","9",,,1133923,34,30
45,"0327","A",,"601","333871","4435841","1","1","3",,"45","9",,,1133991,34,30
45,"0328","A",,"601","334872","4435826","1","1","3",,"45","9",,,1133991,34,30
45,"0329","A",,"601","336849","4435836","1","1","1",,"45","1",,,1128066,18,30
45,"0330","A",,"601","315861","4434775","1","1","1",,"30","1",,,1127009,18,30
45,"0331","A",,"601","316854","4434779","1","1","3",,"25","9",,,1133473,34,30
45,"0332","A",,"601","326890","4434793","1","1","3",,"20","9",,,1133361,34,30
45,"0336","A",,"601","314829","4433793","1","2","1",,"15","1",,,1125884,18,30
45,"0339","A",,"601","320905","4433854","1","2","3",,"10","9",,,1132837,34,30
45,"0340","A",,"601","322829","4433776","1","1","3",,"25","9",,,1133472,34,30
45,"0342","A",,"601","334890","4433793","1","2","3",,"15","9",,,1133053,34,30
45,"0343","A",,"601","336890","4433793","1","1","3",,"35","9",,,1133743,34,30
45,"0345","A",,"601","318815","4432781","1","1","1",,"30","1",,,1127021,18,30
45,"0347","A",,"601","326845","4432770","1","1","3",,"25","9",,,1133394,34,30
45,"0348","A",,"601","314862","4431768","1","1","1",,"55","1",,,1128718,31,30
45,"0350","A",,"601","320814","4431770","1","2","3",,"15","9",,,1133079,34,30
45,"0351","A",,"601","322823","4431760","1","1","1",,"40","1",,,1127925,31,30
45,"0352","A",,"601","324890","4431793","1","1","3",,"30","9",,,1133502,34,30
45,"0354","A",,"601","338931","4431795","1","1","1",,"30","1",,,1127008,18,30
45,"0359","A",,"601","320816","4430764","1","1","3",,"30","9",,,1133650,34,30
45,"0363","A",,"602","343908","4447833","1","1","3",,"40","9",,,1133885,34,30
45,"0364","A",,"602","349941","4446816","1","1","2",,"75","1",,,1132499,403,30
45,"0366","A",,"602","347898","4445832","1","1","1",,"20","1",,,1126071,15,30
45,"0367","A",,"602","348951","4445808","1","1","1",,"75","1",,,1129789,15,30
45,"0368","A",,"602","349935","4445828","1","1","2",,"90","1",,,1132657,61,30
45,"0369","A",,"602","354891","4445828","1","1","1",,"80","1",,,1129974,29,30
45,"0371","A",,"602","361890","4445793","1","1","1",,"65","1",,,1129431,403,30
45,"0372","A",,"602","363890","4445793","1","1","1",,"40","1",,,1127985,403,30
45,"0374","A",,"602","353889","4444806","1","1","1",,"80","1",,,1129974,29,30
45,"0375","A",,"602","354901","4444787","1","1","1",,"70","1",,,1129666,29,30
45,"0377","A",,"602","351883","4443812","1","1","1",,"80","1",,,1129916,15,30
45,"0380","A",,"602","361924","4443875","1","1","1",,"55","1",,,1128736,403,30
45,"0383","A",,"602","367890","4443793","1","2","3",,"15","9",,,1133030,34,30
45,"0384","A",,"602","345918","4441829","1","1","3",,"45","9",,,1133929,34,30
45,"0385","A",,"602","347890","4441793","1","1","3",,"30","9",,,1133517,34,30
45,"0386","A",,"602","349914","4441798","1","1","3",,"35","9",,,1133691,34,30
45,"0389","A",,"602","359890","4441850","1","1","1",,"65","1",,,1129429,403,30
45,"0390","A",,"602","363935","4441794","1","1","1",,"40","1",,,1127650,18,30
45,"0391","A",,"602","365978","4441814","1","1","3",,"40","9",,,1133878,34,30
45,"0394","A",,"602","343903","4439807","1","1","3",,"40","9",,,1133872,34,30
45,"0395","A",,"602","345918","4439797","1","1","3",,"45","9",,,1133921,34,30
45,"0397","A",,"602","351890","4439793","1","1","1",,"65","1",,,1129270,18,30
45,"0399","A",,"602","363902","4439779","1","1","3",,"40","9",,,1133873,34,30
45,"0405","A",,"602","347917","4437843","1","1","3",,"40","9",,,1133781,34,30
45,"0406","A",,"602","349890","4437793","1","1","3",,"30","9",,,1133527,34,30
45,"0407","A",,"602","351880","4437802","1","1","3",,"45","9",,,1133933,34,30
45,"0408","A",,"602","357907","4437783","1","1","3",,"40","9",,,1133865,34,30
45,"0412","A",,"602","365890","4437793","1","1","3",,"40","9",,,1133895,34,30
45,"0414","A",,"602","369890","4437793","1","1","3",,"35","9",,,1133764,34,30
45,"0415","A",,"602","363890","4436793","1","1","2",,"40","1",,,1131907,31,30
45,"0416","A",,"602","368890","4436793","1","1","2",,"60","1",,,1132186,44,30
45,"0419","A",,"602","347890","4435834","1","1","1",,"35","1",,,1127516,403,30
45,"0420","A",,"602","349859","4435827","1","1","3",,"20","9",,,1133312,34,30
45,"0421","A",,"602","351890","4435793","1","2","3",,"10","9",,,1132809,34,30
45,"0423","A",,"602","359907","4435829","1","1","3",,"35","9",,,1133704,34,30
45,"0425","A",,"602","363893","4435812","1","1","1",,"60","1",,,1128974,18,30
45,"0427","A",,"602","360891","4434854","1","1","5",,"25","3",,,1136128,33,30
45,"0431","A",,"602","351839","4433840","1","1","3",,"30","9",,,1133619,34,30
45,"0434","A",,"602","357912","4433797","1","1","1",,"60","1",,,1128972,18,30
45,"0437","A",,"602","347890","4431793","1","2","3",,"15","9",,,1132913,34,30
45,"0438","A",,"602","349890","4431793","1","2","3",,"15","9",,,1133052,34,30
45,"0440","A",,"602","356890","4431793","1","2","2",,"10","1",,,1130176,44,30
45,"0446","A",,"602","353873","4429781","1","1","1",,"65","1",,,1129305,18,30
45,"0449","A",,"603","376890","4446793","1","1","3",,"30","9",,,1133634,34,30
45,"0450","A",,"603","378894","4446809","1","2","3",,"15","9",,,1133037,34,30
45,"0457","A",,"603","386890","4444793","1","2","2",,"10","1",,,1131297,888,30
45,"0462","A",,"603","376883","4442748","1","1","1",,"60","1",,,1128979,18,30
45,"0465","A",,"603","372890","4440793","1","1","3",,"25","9",,,1133452,34,30
45,"0466","A",,"603","374890","4440793","1","1","1",,"35","1",,,1127389,18,30
45,"0467","A",,"603","370883","4438798","1","1","3",,"40","9",,,1133869,34,30
45,"0470","A",,"604","424941","4436795","1","1","2",,"65","1",,,1132249,24,30
45,"0484","A",,"625","310926","4429803","1","1","3",,"45","9",,,1133967,34,30
45,"0485","A",,"625","298924","4427798","1","1","3",,"30","9",,,1133608,34,30
45,"0486","A",,"625","304950","4427778","1","1","1",,"40","1",,,1127728,18,30
45,"0487","A",,"625","306930","4427778","1","1","3",,"35","9",,,1133734,34,30
45,"0489","A",,"625","310964","4427807","1","1","3",,"45","9",,,1133967,34,30
45,"0491","A",,"625","298919","4425829","1","1","3",,"45","9",,,1133964,34,30
45,"0493","A",,"625","306913","4421798","1","1","3",,"40","9",,,1133785,34,30
45,"0498","A",,"625","308914","4415790","1","1","1",,"35","1",,,1127354,18,30
45,"0499","A",,"625","310890","4415793","1","1","1",,"45","1",,,1128069,18,30
45,"0502","A",,"626","315890","4429804","1","1","3",,"20","9",,,1133128,34,30
45,"0503","A",,"626","317890","4429793","1","1","3",,"20","9",,,1133144,34,30
45,"0504","A",,"626","318850","4429793","1","1","3",,"40","9",,,1133813,34,30
45,"0509","A",,"626","323875","4429785","1","1","1",,"35","1",,,1127240,18,30
45,"0512","A",,"626","319901","4428811","1","2","3",,"10","9",,,1132874,34,30
45,"0513","A",,"626","320890","4428793","1","1","3",,"20","9",,,1133108,34,30
45,"0515","A",,"626","322890","4428793","1","1","3",,"35","9",,,1133692,34,30
45,"0517","A",,"626","324890","4428793","1","1","3",,"25","9",,,1133439,34,30
45,"0519","A",,"626","326823","4428800","1","1","3",,"35","9",,,1133682,34,30
45,"0520","A",,"626","327840","4428819","1","1","1",,"35","1",,,1127472,31,30
45,"0524","A",,"626","316890","4427793","1","1","3",,"40","9",,,1133853,34,30
45,"0525","A",,"626","317890","4427793","1","1","3",,"25","9",,,1133388,34,30
45,"0530","A",,"626","322890","4427793","1","1","3",,"40","9",,,1133793,34,30
45,"0533","A",,"626","325890","4427793","1","2","3",,"10","9",,,1132856,34,30
45,"0534","A",,"626","326890","4427793","1","1","3",,"45","9",,,1133901,34,30
45,"0535","A",,"626","327902","4427772","1","1","3",,"35","9",,,1133682,34,30
45,"0538","A",,"626","337890","4427793","1","1","1",,"20","6",,,1126374,18,30
45,"0543","A",,"626","320890","4426793","1","1","3",,"35","9",,,1133680,34,30
45,"0545","A",,"626","323898","4426802","1","1","3",,"45","9",,,1134005,34,30
45,"0546","A",,"626","324906","4426795","1","1","3",,"20","9",,,1133362,34,30
45,"0548","A",,"626","326910","4426794","1","1","3",,"40","9",,,1133786,34,30
45,"0549","A",,"626","327890","4426793","1","1","3",,"40","9",,,1133786,34,30
45,"0552","A",,"626","318861","4425752","1","1","3",,"40","9",,,1133795,34,30
45,"0557","A",,"626","323890","4425793","1","2","3",,"15","9",,,1132896,34,30
45,"0558","A",,"626","324890","4425793","1","1","3",,"40","9",,,1133780,34,30
45,"0560","A",,"626","326890","4425793","1","1","3",,"35","9",,,1133771,34,30
45,"0563","A",,"626","329875","4425799","1","1","1",,"45","1",,,1128065,18,30
45,"0565","A",,"626","319913","4424786","1","1","3",,"30","9",,,1133513,34,30
45,"0567","A",,"626","321862","4424822","1","1","3",,"30","9",,,1133533,34,30
45,"0570","A",,"626","324890","4424793","1","1","3",,"40","9",,,1133797,34,30
45,"0571","A",,"626","325896","4424811","1","1","3",,"30","9",,,1133605,34,30
45,"0573","A",,"626","327885","4424807","1","1","3",,"30","9",,,1133512,34,30
45,"0575","A",,"626","318890","4423793","1","1","3",,"30","9",,,1133604,34,30
45,"0579","A",,"626","322899","4423806","1","1","3",,"40","9",,,1133851,34,30
45,"0582","A",,"626","325913","4423819","1","1","3",,"20","9",,,1133127,34,30
45,"0583","A",,"626","326910","4423793","1","1","3",,"20","9",,,1133127,34,30
45,"0584","A",,"626","327890","4423793","1","1","3",,"30","9",,,1133512,34,30
45,"0585","A",,"626","328860","4423805","1","1","2",,"45","1",,,1131986,41,30
45,"0588","A",,"626","321889","4422808","1","1","3",,"25","9",,,1133433,34,30
45,"0590","A",,"626","323884","4422804","1","2","3",,"15","9",,,1133002,34,30
45,"0591","A",,"626","324898","4422780","1","1","3",,"25","9",,,1133434,34,30
45,"0592","A",,"626","325889","4422813","1","2","3",,"10","9",,,1132793,34,30
45,"0594","A",,"626","327902","4422803","1","1","3",,"30","9",,,1133532,34,30
45,"0597","A",,"626","319914","4421784","1","1","3",,"35","9",,,1133729,34,30
45,"0598","A",,"626","320891","4421780","1","1","3",,"25","9",,,1133433,34,30
45,"0600","A",,"626","322890","4421793","1","2","3",,"15","9",,,1133002,34,30
45,"0601","A",,"626","323876","4421810","1","2","3",,"15","9",,,1133002,34,30
45,"0602","A",,"626","324892","4421828","1","2","3",,"15","9",,,1133002,34,30
45,"0603","A",,"626","325888","4421839","1","1","3",,"25","9",,,1133434,34,30
45,"0609","A",,"626","322931","4419787","1","2","3",,"10","9",,,1132790,34,30
45,"0610","A",,"626","323860","4419847","1","1","3",,"35","9",,,1133727,34,30
45,"0613","A",,"626","314890","4418793","1","1","3",,"45","9",,,1133963,34,30
45,"0618","A",,"626","316899","4417804","1","1","3",,"35","9",,,1133725,34,30
45,"0619","A",,"626","317890","4417793","1","1","3",,"25","9",,,1133431,34,30
45,"0620","A",,"626","318900","4417777","1","1","3",,"25","9",,,1133431,34,30
45,"0621","A",,"626","313874","4416816","1","1","3",,"25","9",,,1133430,34,30
45,"0622","A",,"626","314890","4416793","1","1","3",,"25","9",,,1133430,34,30
45,"0623","A",,"626","315887","4416826","1","1","3",,"25","9",,,1133430,34,30
45,"0626","A",,"626","318903","4416786","1","1","3",,"25","9",,,1133431,34,30
45,"0629","A",,"626","315899","4415788","1","1","3",,"30","9",,,1133601,34,30
45,"0631","A",,"626","317875","4415784","1","1","3",,"30","9",,,1133601,34,30
45,"0632","A",,"626","318890","4415793","1","1","3",,"30","9",,,1133601,34,30
45,"0633","A",,"626","313874","4414830","1","2","3",,"10","9",,,1132788,34,30
45,"0634","A",,"626","314889","4414812","1","1","3",,"25","9",,,1133430,34,30
45,"0635","A",,"626","315890","4414793","1","1","3",,"30","9",,,1133601,34,30
45,"0636","A",,"626","316873","4414757","1","1","3",,"30","9",,,1133601,34,30
45,"0638","A",,"626","313890","4413793","1","1","3",,"20","9",,,1133258,34,30
45,"0640","A",,"626","315890","4413793","1","2","3",,"15","9",,,1132997,34,30
45,"0644","A",,"626","327890","4413793","1","2","3",,"10","9",,,1132786,34,30
45,"0645","A",,"626","313890","4412793","1","1","3",,"20","9",,,1133258,34,30
45,"0647","A",,"626","315906","4412793","1","1","3",,"30","9",,,1133597,34,30
45,"0648","A",,"626","316890","4412793","1","1","3",,"25","9",,,1133427,34,30
45,"0649","A",,"626","317842","4412801","1","1","3",,"25","9",,,1133427,34,30
45,"0654","A",,"626","314914","4411809","1","1","3",,"25","9",,,1133430,34,30
45,"0664","A",,"627","342890","4423793","1","1","2",,"60","1",,,1132188,44,30
45,"0668","A",,"627","344893","4420809","1","1","1",,"75","1",,,1129827,24,30
45,"0669","A",,"627","345891","4420816","1","1","1",,"75","1",,,1129826,24,30
45,"0673","A",,"627","367890","4418793","1","1","5",,"35","1",,,1136170,33,30
45,"0674","A",,"627","341857","4416769","1","1","1",,"35","1",,,1127207,18,30
45,"0676","A",,"627","345886","4416805","1","1","1",,"65","1",,,1129264,18,30
45,"0680","A",,"627","341855","4414804","1","1","1",,"65","1",,,1129327,18,30
45,"0681","A",,"627","343858","4414790","1","2","3",,"15","9",,,1133057,34,30
45,"0696","A",,"627","355890","4410793","1","2","3",,"10","9",,,1132852,34,30
45,"0697","A",,"627","357890","4410793","1","2","3",,"10","9",,,1132852,34,30
45,"0700","A",,"628","370890","4420793","1","1","1",,"60","1",,,1129020,18,30
45,"0704","A",,"628","396968","4410837","1","2","1",,"15","6",,,1126049,403,30
45,"0714","A",,"629","404911","4412814","1","1","1",,"45","1",,,1128199,403,30
45,"0718","A",,"629","404905","4410794","1","1","1",,"55","1",,,1128745,403,30
45,"0724","A",,"631","481890","4413792","1","1","1",,"25","1",,,1126691,18,30
45,"0726","A",,"631","483922","4412821","1","1","1",,"55","1",,,1128687,18,30
45,"0729","A",,"631","483884","4410762","1","1","1",,"25","1",,,1126690,18,30
45,"0737","A",,"632","492890","4411792","1","2","3",,"10","9",,,1132785,34,30
45,"0740","A",,"653","311890","4410794","1","1","3",,"30","9",,,1133596,34,30
45,"0742","A",,"653","310929","4409839","1","1","3",,"45","9",,,1133996,34,30
45,"0747","A",,"653","309881","4408826","1","1","3",,"25","9",,,1133424,34,30
45,"0751","A",,"653","311890","4407794","1","1","1",,"30","1",,,1126866,18,30
45,"0755","A",,"653","302890","4405794","1","1","3",,"30","9",,,1133591,34,30
45,"0757","A",,"653","301890","4404794","1","1","1",,"35","1",,,1127180,18,30
45,"0758","A",,"653","302890","4404803","1","1","3",,"30","9",,,1133591,34,30
45,"0759","A",,"653","303896","4404779","1","1","3",,"35","9",,,1133716,34,30
45,"0760","A",,"653","302890","4403794","1","1","1",,"35","1",,,1127454,31,30
45,"0763","A",,"654","313890","4410793","1","1","1",,"70","1",,,1129644,18,30
45,"0767","A",,"654","325893","4406764","1","1","3",,"30","9",,,1133648,34,30
45,"0768","A",,"654","327905","4406804","1","1","1",,"40","1",,,1127990,403,30
45,"0771","A",,"654","321890","4404794","1","1","1",,"20","1",,,1126460,403,30
45,"0774","A",,"654","319890","4402794","1","1","3",,"30","9",,,1133587,34,30
45,"0775","A",,"654","319890","4400794","1","1","3",,"40","9",,,1133842,34,30
45,"0780","A",,"654","331910","4398822","1","1","1",,"40","1",,,1127799,18,30
45,"0781","A",,"654","333890","4398793","1","2","1",,"10","1",,,1125387,18,30
45,"0785","A",,"654","331890","4396793","1","1","3",,"35","9",,,1133711,34,30
45,"0787","A",,"654","339890","4396834","1","1","1",,"20","1",,,1126326,18,30
45,"0788","A",,"654","315905","4394780","1","1","3",,"30","9",,,1133580,34,30
45,"0789","A",,"654","325929","4394812","1","1","1",,"25","1",,,1126645,18,30
45,"0793","A",,"654","333904","4394817","1","2","1",,"15","1",,,1125981,31,30
45,"0794","A",,"654","334890","4394793","1","1","2",,"60","1",,,1132214,61,30
45,"0795","A",,"654","339904","4394807","1","1","3",,"20","9",,,1133224,34,30
45,"0799","A",,"654","336911","4392779","1","1","1",,"80","1",,,1129989,61,30
45,"0800","A",,"654","337944","4392798","1","1","1",,"60","1",,,1129093,31,30
45,"0808","A",,"655","365876","4407789","1","1","1",,"70","1",,,1129543,18,30
45,"0810","A",,"655","353890","4405793","1","2","3",,"10","9",,,1132846,34,30
45,"0814","A",,"655","347915","4403801","1","1","1",,"20","1",,,1126338,18,30
45,"0819","A",,"655","345890","4399793","1","1","1",,"40","1",,,1127694,18,30
45,"0822","A",,"655","341890","4397793","1","2","3",,"15","9",,,1133055,34,30
45,"0823","A",,"655","345922","4397795","1","1","1",,"45","1",,,1128060,18,30
45,"0825","A",,"655","365910","4397830","1","2","1",,"10","1",,,1125386,18,30
45,"0826","A",,"655","367908","4397817","1","2","1",,"15","1",,,1125862,18,30
45,"0832","A",,"655","364890","4395793","1","1","2",,"65","1",,,1132233,23,30
45,"0838","A",,"655","353890","4393793","1","1","1",,"25","1",,,1126594,18,30
45,"0839","A",,"655","355912","4393812","1","1","1",,"35","1",,,1127391,18,30
45,"0841","A",,"655","365898","4393779","1","1","2",,"55","1",,,1132128,403,30
45,"0843","A",,"655","363890","4392793","1","1","2",,"80","1",,,1132538,61,30
45,"0844","A",,"655","365889","4392761","1","2","1",,"15","1",,,1125650,18,30
45,"0846","A",,"656","391870","4409763","1","1","1",,"30","1",,,1126855,18,30
45,"0847","A",,"656","393890","4409793","1","1","1",,"50","1",,,1128299,18,30
45,"0851","A",,"656","391882","4407803","1","1","1",,"40","1",,,1127649,18,30
45,"0853","A",,"656","397880","4407794","1","1","1",,"50","1",,,1128297,18,30
45,"0855","A",,"656","389896","4405801","1","1","1",,"30","1",,,1127079,31,30
45,"0856","A",,"656","391890","4405793","1","1","1",,"20","1",,,1126461,403,30
45,"0859","A",,"656","387898","4403789","1","1","1",,"70","1",,,1129770,403,30
45,"0860","A",,"656","389890","4403793","1","1","3",,"20","9",,,1133238,34,30
45,"0862","A",,"656","383890","4401793","1","2","1",,"15","1",,,1125678,18,30
45,"0864","A",,"656","369881","4399759","1","2","3",,"10","9",,,1132775,34,30
45,"0869","A",,"657","406873","4406781","1","1","1",,"40","1",,,1127708,18,30
45,"0871","A",,"657","404893","4392769","1","1","3",,"20","9",,,1133329,34,30
45,"0878","A",,"659","456912","4407761","1","1","2",,"65","1",,,1132247,24,30
45,"0885","A",,"660","495890","4403792","1","1","1",,"45","1",,,1128122,18,30
45,"0890","A",,"682","321890","4388794","1","1","3",,"20","9",,,1133328,34,30
45,"0891","A",,"682","332895","4388810","1","1","1",,"50","1",,,1128289,18,30
45,"0894","A",,"682","334890","4387793","1","1","2",,"45","1",,,1131991,61,30
45,"0895","A",,"682","335890","4387793","1","1","1",,"40","1",,,1127927,31,30
45,"0897","A",,"682","319900","4386787","1","1","3",,"20","9",,,1133215,34,30
45,"0898","A",,"682","321890","4386794","1","2","3",,"15","9",,,1132970,34,30
45,"0900","A",,"682","339891","4386735","1","1","1",,"50","1",,,1128477,31,30
45,"0901","A",,"682","321893","4384780","1","1","3",,"20","9",,,1133209,34,30
45,"0902","A",,"682","329893","4384781","1","1","3",,"35","9",,,1133707,34,30
45,"0905","A",,"682","314836","4382760","1","1","1",,"75","1",,,1129853,61,30
45,"0906","A",,"682","333960","4382736","1","1","1",,"60","1",,,1128894,18,30
45,"0907","A",,"682","335908","4382782","1","1","1",,"40","1",,,1127958,61,30
45,"0909","A",,"682","339909","4381790","1","1","1",,"40","1",,,1127554,15,30
45,"0910","A",,"682","329890","4380773","1","1","1",,"50","1",,,1128559,61,30
45,"0911","A",,"682","335946","4380784","1","1","1",,"70","1",,,1129732,61,30
45,"0912","A",,"682","337890","4380793","1","1","1",,"50","1",,,1128229,15,30
45,"0914","A",,"682","317872","4378771","1","1","2",,"80","1",,,1132562,61,30
45,"0916","A",,"682","329890","4378778","1","2","1",,"10","1",,,1125274,18,30
45,"0917","A",,"682","317868","4376772","1","1","1",,"70","1",,,1129736,61,30
45,"0919","A",,"682","323892","4376745","1","1","3",,"25","9",,,1133410,34,30
45,"0921","A",,"682","327874","4376750","1","2","3",,"10","9",,,1132724,34,30
45,"0923","A",,"682","318842","4375772","1","1","1",,"65","1",,,1129388,43,30
45,"0924","A",,"682","331936","4375746","1","1","2",,"40","1",,,1131922,61,30
45,"0925","A",,"682","332902","4375771","1","1","1",,"40","1",,,1127682,18,30
45,"0926","A",,"682","319865","4374739","1","1","1",,"45","1",,,1128178,43,30
45,"0928","A",,"682","323890","4374794","1","2","3",,"10","9",,,1132721,34,30
45,"0936","A",,"682","323890","4390794","1","2","1",,"15","1",,,1125857,18,30
45,"0937","A",,"683","341894","4391754","1","1","1",,"35","1",,,1127224,18,30
45,"0943","A",,"683","341890","4390793","1","1","1",,"45","1",,,1128184,61,30
45,"0944","A",,"683","363914","4390761","1","1","1",,"60","1",,,1129134,31,30
45,"0945","A",,"683","364890","4390793","1","1","2",,"65","1",,,1132282,61,30
45,"0946","A",,"683","341899","4389781","1","1","1",,"70","1",,,1129501,16,30
45,"0952","A",,"683","349890","4388781","1","1","2",,"65","1",,,1132308,61,30
45,"0954","A",,"683","344890","4387793","1","1","2",,"75","1",,,1132447,61,30
45,"0955","A",,"683","346905","4387731","1","1","2",,"80","1",,,1132571,61,30
45,"0956","A",,"683","347890","4387793","1","1","2",,"45","1",,,1132011,403,30
45,"0957","A",,"683","348880","4387793","1","1","2",,"90","1",,,1132653,61,30
45,"0958","A",,"683","349879","4387809","1","1","1",,"70","1",,,1129714,61,30
45,"0960","A",,"683","351901","4387840","1","1","1",,"40","1",,,1127624,18,30
45,"0961","A",,"683","352890","4387793","1","1","1",,"40","1",,,1127584,18,30
45,"0962","A",,"683","343890","4386793","1","1","2",,"80","1",,,1132578,403,30
45,"0963","A",,"683","344904","4386754","1","1","1",,"50","1",,,1128566,403,30
45,"0964","A",,"683","345915","4386751","1","1","2",,"55","1",,,1132114,61,30
45,"0965","A",,"683","348914","4386837","1","1","1",,"65","1",,,1129231,15,30
45,"0966","A",,"683","350912","4386761","1","1","2",,"80","1",,,1132572,61,30
45,"0968","A",,"683","352921","4386780","1","1","2",,"75","1",,,1132492,61,30
45,"0971","A",,"683","346901","4385792","1","1","2",,"85","1",,,1132602,61,30
45,"0972","A",,"683","348908","4385777","1","1","1",,"70","1",,,1129493,15,30
45,"0973","A",,"683","349890","4385793","1","1","2",,"80","1",,,1132567,61,30
45,"0975","A",,"683","351920","4385785","1","1","1",,"20","1",,,1126455,403,30
45,"0976","A",,"683","352856","4385767","1","1","2",,"70","1",,,1132395,61,30
45,"0978","A",,"683","362890","4385793","1","1","2",,"80","1",,,1132549,61,30
45,"0979","A",,"683","363894","4385771","1","1","1",,"55","1",,,1128601,18,30
45,"0980","A",,"683","347884","4384814","1","1","2",,"75","1",,,1132431,21,30
45,"0981","A",,"683","348964","4384765","1","1","1",,"50","1",,,1128239,15,30
45,"0982","A",,"683","349867","4384792","1","1","1",,"50","1",,,1128526,31,30
45,"0983","A",,"683","350870","4384810","1","1","1",,"50","1",,,1128254,15,30
45,"0984","A",,"683","351897","4384766","1","1","2",,"80","1",,,1132565,61,30
45,"0985","A",,"683","352880","4384754","1","1","1",,"30","1",,,1126764,15,30
45,"0986","A",,"683","361887","4384764","1","1","1",,"70","1",,,1129494,15,30
45,"0990","A",,"683","348909","4383781","1","1","2",,"85","1",,,1132584,21,30
45,"0992","A",,"683","346889","4382776","1","1","1",,"50","1",,,1128563,403,30
45,"0994","A",,"683","348881","4382775","1","2","1",,"15","1",,,1126018,61,30
45,"0995","A",,"683","340932","4381757","1","1","2",,"90","1",,,1132655,61,30
45,"0996","A",,"683","341890","4381793","1","1","2",,"60","1",,,1132218,61,30
45,"1001","A",,"683","347873","4381788","1","1","1",,"20","1",,,1126456,403,30
45,"1003","A",,"683","365890","4381793","1","1","1",,"45","1",,,1128155,19,30
45,"1004","A",,"683","340923","4380764","1","1","1",,"85","1",,,1130024,403,30
45,"1005","A",,"683","341906","4380786","1","1","2",,"65","1",,,1132281,61,30
45,"1006","A",,"683","342890","4380793","1","1","2",,"80","1",,,1132529,61,30
45,"1007","A",,"683","343923","4380741","1","1","2",,"80","1",,,1132529,61,30
45,"1008","A",,"683","344913","4380775","1","1","2",,"80","1",,,1132574,61,30
45,"1010","A",,"683","346899","4380774","1","1","1",,"65","1",,,1129404,61,30
45,"1012","A",,"683","348899","4380807","1","1","2",,"75","1",,,1132466,61,30
45,"1014","A",,"683","342895","4379733","1","1","1",,"65","1",,,1129246,15,30
45,"1015","A",,"683","343890","4379793","1","1","2",,"50","1",,,1132081,403,30
45,"1016","A",,"683","344926","4379789","1","1","2",,"90","1",,,1132646,61,30
45,"1017","A",,"683","345919","4379769","1","1","2",,"90","1",,,1132650,61,30
45,"1019","A",,"683","347866","4379757","1","1","1",,"50","1",,,1128520,31,30
45,"1020","A",,"683","348874","4379784","1","1","2",,"85","1",,,1132618,61,30
45,"1023","A",,"683","355887","4379813","1","1","1",,"55","1",,,1128606,18,30
45,"1025","A",,"683","345890","4378793","1","1","2",,"75","1",,,1132457,61,30
45,"1026","A",,"683","347890","4378793","1","1","1",,"35","1",,,1127185,18,30
45,"1027","A",,"683","348904","4378798","1","1","2",,"85","1",,,1132634,61,30
45,"1028","A",,"683","349890","4378793","1","1","1",,"55","1",,,1128596,15,30
45,"1029","A",,"683","352883","4378780","1","1","1",,"85","1",,,1130007,15,30
45,"1030","A",,"683","353890","4378793","1","1","2",,"85","1",,,1132617,61,30
45,"1031","A",,"683","354890","4378793","1","1","2",,"60","1",,,1132231,403,30
45,"1035","A",,"683","350890","4377779","1","1","1",,"40","1",,,1127847,19,30
45,"1036","A",,"683","351903","4377760","1","1","1",,"40","1",,,1127552,15,30
45,"1038","A",,"683","353902","4377768","1","1","2",,"85","1",,,1132616,61,30
45,"1046","A",,"683","352895","4376752","1","1","1",,"70","1",,,1129486,15,30
45,"1047","A",,"683","353873","4376808","1","1","1",,"60","1",,,1129084,31,30
45,"1048","A",,"683","354876","4376778","1","1","2",,"80","1",,,1132558,61,30
45,"1051","A",,"683","352902","4375747","1","1","1",,"65","1",,,1129414,403,30
45,"1052","A",,"683","353906","4375754","1","1","1",,"60","1",,,1129191,403,30
45,"1053","A",,"683","354890","4375793","1","1","2",,"80","1",,,1132558,61,30
45,"1055","A",,"683","365890","4375793","1","1","1",,"25","1",,,1126485,15,30
45,"1059","A",,"683","352890","4374762","1","1","2",,"75","1",,,1132470,61,30
45,"1063","A",,"683","356887","4374781","1","1","2",,"55","1",,,1132126,61,30
45,"1066","A",,"683","356906","4373779","1","2","1",,"15","1",,,1126026,403,30
45,"1067","A",,"683","363901","4373753","1","1","1",,"55","1",,,1128721,31,30
45,"1071","A",,"684","371890","4386793","1","1","2",,"50","1",,,1132066,61,30
45,"1072","A",,"684","372890","4385793","1","1","2",,"70","6",,,1132426,61,30
45,"1078","A",,"684","369944","4384795","1","1","1",,"70","1",,,1129458,15,30
45,"1082","A",,"684","370944","4383810","1","1","1",,"70","1",,,1129724,61,30
45,"1084","A",,"684","376890","4383793","1","1","1",,"70","1",,,1129461,15,30
45,"1085","A",,"684","378890","4383793","1","1","1",,"60","1",,,1129135,31,30
45,"1086","A",,"684","380921","4383793","1","1","1",,"60","1",,,1129003,18,30
45,"1089","A",,"684","376890","4381793","1","1","1",,"70","1",,,1129483,15,30
45,"1091","A",,"684","380890","4381793","1","1","3",,"20","9",,,1133099,34,30
45,"1094","A",,"684","388914","4381798","1","1","3",,"20","9",,,1133188,34,30
45,"1095","A",,"684","390890","4381793","1","1","3",,"20","9",,,1133190,34,30
45,"1096","A",,"684","392894","4381805","1","1","1",,"20","1",,,1126295,18,30
45,"1099","A",,"684","390903","4379793","1","1","1",,"50","1",,,1128339,18,30
45,"1102","A",,"684","396952","4379887","1","1","1",,"50","1",,,1128307,18,30
45,"1103","A",,"684","390890","4377793","1","1","1",,"45","1",,,1128115,18,30
45,"1104","A",,"684","394902","4377789","1","1","1",,"55","1",,,1128723,56,30
45,"1107","A",,"684","386890","4375793","1","1","1",,"50","1",,,1128255,15,30
45,"1108","A",,"684","396916","4375788","2","0","0",,"0","0",,,1137187,18,30
45,"1112","A",,"684","386833","4374762","1","1","1",,"60","1",,,1128830,18,30
45,"1114","A",,"684","391922","4374794","1","1","1",,"35","6",,,1127521,888,30
45,"1115","A",,"684","383890","4373793","1","1","1",,"70","1",,,1129734,61,30
45,"1117","A",,"684","385875","4373773","1","1","1",,"25","1",,,1126504,18,30
45,"1119","A",,"684","387884","4373750","1","2","2",,"15","1",,,1131347,18,30
45,"1123","A",,"684","394923","4373793","1","1","1",,"30","1",,,1126823,18,30
45,"1127","A",,"685","407890","4390793","1","1","2",,"35","1",,,1131874,403,30
45,"1128","A",,"685","403890","4388793","1","1","3",,"45","9",,,1133959,34,30
45,"1130","A",,"685","407899","4388791","1","1","1",,"25","1",,,1126637,18,30
45,"1132","A",,"685","401890","4386793","1","1","3",,"25","9",,,1133413,34,30
45,"1134","A",,"685","405884","4386769","1","2","3",,"15","9",,,1133056,34,30
45,"1135","A",,"685","407908","4386819","1","1","1",,"25","1",,,1126637,18,30
45,"1137","A",,"685","399889","4384771","1","1","1",,"40","1",,,1127783,18,30
45,"1138","A",,"685","403886","4384767","1","1","1",,"40","1",,,1127688,18,30
45,"1139","A",,"685","405917","4384776","1","1","1",,"20","1",,,1126305,18,30
45,"1140","A",,"685","407890","4384793","1","1","1",,"60","1",,,1128943,18,30
45,"1141","A",,"685","409914","4384782","1","1","1",,"70","1",,,1129623,18,30
45,"1144","A",,"685","411933","4382765","1","1","1",,"65","1",,,1129251,18,30
45,"1145","A",,"685","416890","4382805","1","1","1",,"55","1",,,1128604,18,30
45,"1148","A",,"685","419890","4382793","1","1","2",,"45","1",,,1132008,403,30
45,"1149","A",,"685","416899","4381793","1","1","1",,"70","1",,,1129719,61,30
45,"1150","A",,"685","418896","4381844","1","1","1",,"50","1",,,1128280,18,30
45,"1152","A",,"685","399890","4380793","1","1","1",,"30","1",,,1127087,31,30
45,"1156","A",,"685","413890","4376793","1","2","3",,"15","9",,,1132948,34,30
45,"1161","A",,"685","423890","4374793","1","1","3",,"20","9",,,1133180,34,30
45,"1162","A",,"686","445890","4389792","1","1","1",,"50","3",,,1128544,31,30
45,"1165","A",,"686","433890","4381793","1","1","1",,"40","1",,,1127978,403,30
45,"1170","A",,"686","435916","4379754","1","1","1",,"30","1",,,1126752,7,30
45,"1175","A",,"687","460890","4379771","1","2","1",,"15","1",,,1125831,18,30
45,"1177","A",,"688","505890","4389792","1","2","1",,"15","1",,,1125702,18,30
45,"1179","A",,"688","502890","4387792","1","2","1",,"15","1",,,1125761,18,30
45,"1182","A",,"688","505890","4385792","1","2","1",,"15","1",,,1125700,18,30
45,"1184","A",,"688","501890","4384792","1","1","1",,"20","1",,,1126182,18,30
45,"1187","A",,"688","503900","4383777","1","1","1",,"50","1",,,1128340,18,30
45,"1189","A",,"688","502883","4382782","1","1","1",,"30","1",,,1126968,18,30
45,"1191","A",,"688","502889","4381779","1","1","6",,"50","1",,,1136809,18,30
45,"1194","A",,"688","505877","4380769","1","1","1",,"35","1",,,1127330,18,30
45,"1196","A",,"708","324914","4373792","1","2","3",,"15","9",,,1132946,34,30
45,"1199","A",,"708","330890","4373793","1","1","2",,"45","1",,,1131996,61,30
45,"1200","A",,"708","331924","4373779","1","1","2",,"45","1",,,1131996,61,30
45,"1206","A",,"708","327898","4372798","1","1","1",,"25","1",,,1126537,18,30
45,"1209","A",,"708","330918","4372812","1","1","2",,"45","1",,,1131996,61,30
45,"1213","A",,"708","334890","4372793","1","1","1",,"35","1",,,1127210,18,30
45,"1215","A",,"708","324899","4371693","1","1","2",,"65","1",,,1132298,61,30
45,"1216","A",,"708","325907","4371812","1","1","2",,"55","1",,,1132116,61,30
45,"1218","A",,"708","327876","4371772","1","1","2",,"45","1",,,1132012,403,30
45,"1221","A",,"708","330908","4371827","1","2","1",,"10","6",,,1125535,888,30
45,"1224","A",,"708","333894","4371805","1","2","1",,"15","1",,,1126028,403,30
45,"1226","A",,"708","325898","4370797","1","1","1",,"40","1",,,1127621,18,30
45,"1228","A",,"708","331912","4370813","1","4","1",,"0","0",,,1134433,61,30
45,"1231","A",,"708","334898","4370827","1","1","2",,"45","1",,,1132006,393,30
45,"1238","A",,"708","325890","4368793","1","1","2",,"85","1",,,1132606,61,30
45,"1239","A",,"708","326882","4368767","1","1","2",,"70","1",,,1132399,61,30
45,"1241","A",,"708","326934","4367736","1","1","2",,"20","1",,,1131632,61,30
45,"1244","A",,"708","327907","4366799","1","1","2",,"20","1",,,1131632,61,30
45,"1245","A",,"708","328882","4365799","1","1","2",,"20","1",,,1131633,61,30
45,"1246","A",,"708","329878","4364760","1","1","2",,"70","1",,,1132385,61,30
45,"1248","A",,"708","330962","4363859","1","1","2",,"70","1",,,1132388,61,30
45,"1249","A",,"708","331904","4362720","1","2","1",,"15","1",,,1125652,18,30
45,"1251","A",,"709","356890","4372793","1","1","1",,"80","1",,,1129997,61,30
45,"1252","A",,"709","357935","4372793","1","1","1",,"55","1",,,1128696,19,30
45,"1253","A",,"709","358890","4372793","1","1","1",,"85","1",,,1130023,61,30
45,"1255","A",,"709","358890","4371793","1","1","1",,"85","1",,,1130023,61,30
45,"1257","A",,"709","355900","4370793","1","1","1",,"65","1",,,1129344,19,30
45,"1262","A",,"709","349901","4366776","1","1","1",,"35","1",,,1127397,19,30
45,"1263","A",,"709","350932","4365731","1","1","1",,"45","1",,,1128159,19,30
45,"1264","A",,"710","385890","4372793","1","1","1",,"80","1",,,1129993,61,30
45,"1267","A",,"710","388945","4372722","1","1","1",,"30","1",,,1126888,18,30
45,"1269","A",,"710","390890","4372793","1","1","1",,"70","1",,,1129654,23,30
45,"1270","A",,"710","391887","4372780","1","1","2",,"60","1",,,1132134,23,30
45,"1271","A",,"710","392874","4372793","1","1","2",,"30","1",,,1131801,61,30
45,"1273","A",,"710","389889","4371767","1","1","1",,"40","1",,,1127850,23,30
45,"1274","A",,"710","390890","4371807","1","1","2",,"40","1",,,1131883,23,30
45,"1275","A",,"710","391903","4371783","1","1","2",,"60","1",,,1132150,23,30
45,"1276","A",,"710","392890","4371793","1","1","2",,"60","1",,,1132137,23,30
45,"1277","A",,"710","394890","4371793","1","1","3",,"30","9",,,1133550,34,30
45,"1280","A",,"711","414927","4371759","1","1","1",,"65","1",,,1129373,31,30
45,"1281","A",,"711","416890","4371793","1","1","1",,"60","1",,,1128843,18,30
45,"1284","A",,"711","421872","4371775","1","1","2",,"60","1",,,1132230,403,30
45,"1285","A",,"711","424890","4371793","1","2","3",,"15","9",,,1132941,34,30
45,"1290","A",,"711","412890","4369793","1","1","1",,"30","1",,,1127054,31,30
45,"1291","A",,"711","414956","4369827","1","1","1",,"50","1",,,1128511,31,30
45,"1293","A",,"711","418890","4369793","1","1","1",,"50","1",,,1128494,31,30
45,"1302","A",,"711","414912","4367833","1","1","1",,"40","1",,,1127901,31,30
45,"1309","A",,"711","405900","4366800","1","2","2",,"10","1",,,1130186,61,30
45,"1310","A",,"711","406876","4366794","1","1","1",,"35","1",,,1127429,31,30
45,"1311","A",,"711","404942","4365812","1","1","1",,"65","1",,,1129368,31,30
45,"1314","A",,"711","414890","4365793","1","1","1",,"30","1",,,1126841,18,30
45,"1315","A",,"711","416904","4365808","1","2","3",,"15","9",,,1132884,34,30
45,"1317","A",,"711","421890","4365812","1","1","1",,"25","1",,,1126733,61,30
45,"1319","A",,"711","404904","4364807","1","7","1",,"5","0",,,1135418,23,30
45,"1324","A",,"711","404890","4363793","1","1","1",,"60","1",,,1129066,23,30
45,"1325","A",,"711","405910","4363798","1","1","1",,"60","1",,,1129062,23,30
45,"1326","A",,"711","406890","4363793","1","1","1",,"55","1",,,1128703,23,30
45,"1327","A",,"711","407921","4363797","1","1","1",,"50","1",,,1128470,23,30
45,"1329","A",,"711","412890","4363793","1","1","1",,"25","1",,,1126730,31,30
45,"1331","A",,"711","416890","4363793","1","1","1",,"60","1",,,1129133,31,30
45,"1336","A",,"711","405890","4362793","1","1","1",,"60","1",,,1129062,23,30
45,"1337","A",,"711","406890","4362793","1","1","1",,"60","1",,,1129057,23,30
45,"1338","A",,"711","407890","4362793","1","1","1",,"40","9",,,1127857,23,30
45,"1341","A",,"711","419890","4362793","1","1","2",,"35","1",,,1131864,61,30
45,"1342","A",,"711","420870","4362779","1","1","2",,"40","1",,,1131938,403,30
45,"1344","A",,"711","422880","4362785","1","1","1",,"30","1",,,1127123,403,30
45,"1345","A",,"711","402890","4361806","1","2","1",,"10","1",,,1125482,31,30
45,"1347","A",,"711","404890","4361793","1","1","1",,"50","1",,,1128469,23,30
45,"1348","A",,"711","405890","4361793","1","1","3",,"25","9",,,1133382,34,30
45,"1349","A",,"711","406890","4361793","1","1","1",,"55","1",,,1128702,23,30
45,"1350","A",,"711","407890","4361793","1","1","1",,"65","1",,,1129345,23,30
45,"1354","A",,"711","403910","4360795","1","1","1",,"40","1",,,1127564,16,30
45,"1356","A",,"711","405890","4360793","1","1","1",,"60","1",,,1129064,23,30
45,"1357","A",,"711","406890","4360793","1","1","1",,"60","1",,,1129064,23,30
45,"1358","A",,"711","407890","4360793","1","2","3",,"15","9",,,1132885,34,30
45,"1360","A",,"711","402911","4359762","1","1","1",,"30","1",,,1127101,31,30
45,"1361","A",,"711","403861","4359751","1","1","2",,"80","1",,,1132552,61,30
45,"1362","A",,"711","404890","4359793","1","1","1",,"70","1",,,1129757,61,30
45,"1363","A",,"711","405890","4359793","1","1","1",,"70","1",,,1129740,61,30
45,"1364","A",,"711","406890","4359793","1","1","1",,"35","1",,,1127155,16,30
45,"1367","A",,"711","402928","4358843","1","1","1",,"70","1",,,1129705,31,30
45,"1368","A",,"711","403890","4358829","1","1","1",,"70","1",,,1129705,31,30
45,"1369","A",,"711","404895","4358774","1","1","1",,"70","1",,,1129706,31,30
45,"1370","A",,"711","401902","4357809","1","1","1",,"70","1",,,1129705,31,30
45,"1372","A",,"711","404890","4357793","1","1","2",,"70","1",,,1132382,61,30
45,"1374","A",,"711","406915","4357812","1","1","1",,"35","1",,,1127435,31,30
45,"1376","A",,"711","414889","4357793","1","2","3",,"10","9",,,1132677,34,30
45,"1378","A",,"711","404927","4356805","1","1","1",,"45","1",,,1128003,15,30
45,"1379","A",,"711","416889","4355793","1","2","1",,"15","1",,,1126007,31,30
45,"1382","A",,"712","429890","4371793","1","2","3",,"15","9",,,1132944,34,30
45,"1383","A",,"712","428879","4369780","1","1","1",,"25","1",,,1126629,18,30
45,"1389","A",,"712","449889","4355792","1","1","1",,"40","1",,,1127853,23,30
45,"1392","A",,"712","450890","4354818","1","1","1",,"35","1",,,1127211,18,30
45,"1393","A",,"736","420899","4352806","1","2","1",,"15","6",,,1125916,18,30
45,"1394","A",,"736","422889","4350793","1","1","1",,"30","1",,,1126871,18,30
45,"1397","A",,"737","430894","4353809","1","1","1",,"35","1",,,1127491,61,30
45,"1399","A",,"737","432890","4353793","1","1","1",,"45","1",,,1128019,18,30
45,"1401","A",,"737","442889","4353792","1","1","1",,"35","1",,,1127434,31,30
45,"1403","A",,"737","450913","4353878","1","1","1",,"70","1",,,1129657,23,30
45,"1406","A",,"737","431890","4352793","1","1","1",,"70","1",,,1129744,61,30
45,"1409","A",,"737","452941","4352873","1","1","1",,"25","1",,,1126503,18,30
45,"1416","A",,"737","445889","4351792","1","1","1",,"65","1",,,1129399,61,30
45,"1417","A",,"737","446889","4351792","1","1","1",,"30","1",,,1127117,403,30
45,"1419","A",,"737","448900","4351827","1","1","1",,"60","1",,,1128848,18,30
45,"1421","A",,"737","450939","4351830","1","1","1",,"50","1",,,1128564,403,30
45,"1424","A",,"737","431889","4350793","1","1","1",,"20","1",,,1126102,18,30
45,"1425","A",,"737","441889","4350793","1","2","1",,"10","1",,,1125174,16,30
45,"1427","A",,"737","443922","4350813","1","1","2",,"65","1",,,1132269,61,30
45,"1428","A",,"737","444889","4350792","1","1","1",,"75","1",,,1129856,61,30
45,"1430","A",,"737","446842","4350795","1","1","1",,"20","1",,,1126091,18,30
45,"1437","A",,"737","429905","4349788","1","1","1",,"35","1",,,1127320,18,30
45,"1439","A",,"737","432836","4349759","1","1","1",,"60","1",,,1128887,18,30
45,"1444","A",,"737","427896","4348808","1","1","2",,"65","1",,,1132312,403,30
45,"1447","A",,"737","427862","4347762","1","1","1",,"60","1",,,1128829,18,30
45,"1449","A",,"737","426889","4346793","1","1","2",,"65","1",,,1132280,61,30
45,"2000","A",,"578","339890","4449793","1","1","3",,"50","9",,,1134017,34,30
45,"2001","A",,"579","344890","4453793","1","1","5",,"35","1",,,1136192,33,30
45,"2004","A",,"580","392890","4456793","1","1","2",,"65","1",,,1132261,44,30
45,"2005","A",,"580","390890","4453793","1","1","2",,"65","1",,,1132253,44,30
45,"2006","A",,"580","383890","4448793","1","1","2",,"50","1",,,1132044,44,30
45,"2009","A",,"581","415890","4449793","1","1","5",,"45","1",,,1136250,33,30
45,"2010","A",,"600","301891","4436794","1","1","5",,"50","1",,,1136318,33,30
45,"2011","A",,"600","304891","4435794","1","1","5",,"70","1",,,1136470,33,30
45,"2012","A",,"601","327890","4446793","1","1","3",,"30","9",,,1133657,34,30
45,"2015","A",,"601","340890","4437793","1","1","1",,"60","1",,,1128883,18,30
45,"2017","A",,"601","331890","4435793","1","1","5",,"55","1",,,1136332,33,30
45,"2019","A",,"601","332890","4433793","1","1","5",,"35","1",,,1136198,33,30
45,"2021","A",,"602","355890","4446793","1","1","1",,"40","1",,,1127529,7,30
45,"2022","A",,"602","342890","4445793","1","1","3",,"30","9",,,1133646,34,30
45,"2025","A",,"602","366890","4444793","1","1","3",,"25","9",,,1133467,34,30
45,"2032","A",,"602","367890","4440793","1","2","3",,"15","9",,,1133022,34,30
45,"2037","A",,"602","354890","4437793","1","2","1",,"10","1",,,1125506,31,30
45,"2038","A",,"602","362890","4435793","1","1","5",,"70","1",,,1136486,33,30
45,"2046","A",,"603","380890","4446793","1","1","2",,"55","1",,,1132111,44,30
45,"2047","A",,"603","385890","4445793","1","1","5",,"50","1",,,1136306,33,30
45,"2048","A",,"603","384890","4443793","1","2","3",,"15","9",,,1133036,34,30
45,"2051","A",,"603","392890","4442793","1","2","3",,"15","9",,,1133031,34,30
45,"2053","A",,"603","374890","4441793","1","1","5",,"75","1",,,1136517,33,30
45,"2054","A",,"603","370890","4440793","1","1","3",,"25","9",,,1133453,34,30
45,"2055","A",,"603","373890","4440793","1","1","5",,"60","1",,,1136373,33,30
45,"2056","A",,"603","372890","4439793","1","1","5",,"60","1",,,1136373,33,30
45,"2057","A",,"603","373890","4436793","1","1","5",,"40","1",,,1136232,33,30
45,"2058","A",,"603","373890","4435793","1","2","5",,"10","1",,,1136084,33,30
45,"2059","A",,"603","377890","4435793","1","1","5",,"30","1",,,1136146,33,30
45,"2062","A",,"604","411890","4435793","1","1","5",,"25","1",,,1136123,33,30
45,"2063","A",,"604","401890","4433793","1","1","2",,"70","1",,,1132354,44,30
45,"2070","A",,"625","301891","4426793","1","2","1",,"15","7",,,1125940,18,30
45,"2071","A",,"625","303890","4417793","1","1","1",,"35","1",,,1127355,18,30
45,"2074","A",,"626","315890","4428793","1","1","5",,"45","1",,,1136240,33,30
45,"2075","A",,"626","317890","4428793","1","1","5",,"45","1",,,1136240,33,30
45,"2076","A",,"626","318890","4428793","1","1","5",,"45","1",,,1136240,33,30
45,"2078","A",,"626","334890","4412793","1","1","1",,"40","6",,,1127843,18,30
45,"2079","A",,"627","351890","4425793","1","1","5",,"80","1",,,1136526,33,30
45,"2081","A",,"627","346890","4423793","1","1","1",,"60","1",,,1128969,18,30
45,"2082","A",,"627","356890","4423793","1","2","5",,"10","1",,,1136073,33,30
45,"2085","A",,"627","361890","4417793","1","1","1",,"60","1",,,1129046,18,30
45,"2088","A",,"627","362890","4416793","1","1","5",,"70","1",,,1136460,33,30
45,"2089","A",,"627","352890","4415793","1","1","2",,"35","1",,,1131855,44,30
45,"2090","A",,"627","352890","4414793","1","1","1",,"30","1",,,1126867,18,30
45,"2091","A",,"627","342890","4413793","1","1","1",,"70","1",,,1129520,18,30
45,"2092","A",,"627","352890","4413793","1","1","1",,"50","1",,,1128548,57,30
45,"2095","A",,"627","367890","4412793","1","1","5",,"40","1",,,1136216,33,30
45,"2096","A",,"627","360890","4411793","1","1","5",,"45","1",,,1136239,33,30
45,"2097","A",,"628","370890","4415793","1","1","5",,"20","1",,,1136109,33,30
45,"2099","A",,"628","374890","4411793","1","1","5",,"60","1",,,1136398,33,30
45,"2100","A",,"629","408890","4423793","1","1","5",,"60","1",,,1136380,33,30
45,"2101","A",,"629","406890","4422793","1","1","5",,"60","1",,,1136380,33,30
45,"2102","A",,"629","407890","4422793","1","1","5",,"60","1",,,1136380,33,30
45,"2103","A",,"629","398890","4416793","1","1","5",,"60","1",,,1136384,33,30
45,"2104","A",,"629","403890","4413793","1","1","1",,"20","1",,,1126261,18,30
45,"2105","A",,"629","398890","4411793","1","2","1",,"15","1",,,1125637,18,30
45,"2106","A",,"629","401890","4411793","1","2","3",,"10","9",,,1132855,34,30
45,"2108","A",,"629","424890","4411793","1","1","5",,"55","1",,,1136329,33,30
45,"2109","A",,"629","414890","4410793","1","1","1",,"30","1",,,1126814,18,30
45,"2111","A",,"630","439890","4418792","1","1","2",,"55","1",,,1132098,24,30
45,"2113","A",,"631","473890","4411792","1","1","1",,"35","1",,,1127158,16,30
45,"2114","A",,"631","474890","4409792","1","2","1",,"10","1",,,1125505,31,30
45,"2120","A",,"654","328890","4397793","1","2","1",,"15","1",,,1125603,18,30
45,"2121","A",,"654","335890","4397793","1","1","1",,"25","1",,,1126652,18,30
45,"2123","A",,"654","326890","4395794","1","1","1",,"25","1",,,1126516,18,30
45,"2128","A",,"655","347890","4407793","1","1","5",,"70","1",,,1136484,33,30
45,"2129","A",,"655","344890","4405793","1","2","1",,"15","1",,,1125604,18,30
45,"2130","A",,"655","364890","4405793","1","1","5",,"25","1",,,1136131,44,30
45,"2132","A",,"655","347890","4398793","1","2","1",,"15","1",,,1125864,18,30
45,"2134","A",,"656","382890","4409793","1","1","5",,"40","1",,,1136208,33,30
45,"2135","A",,"656","396890","4409793","1","1","5",,"60","1",,,1136372,33,30
45,"2137","A",,"656","382890","4406793","1","1","5",,"50","1",,,1136286,33,30
45,"2138","A",,"656","386890","4406793","1","1","5",,"65","1",,,1136417,33,30
45,"2140","A",,"656","377890","4404793","1","1","1",,"55","1",,,1128644,18,30
45,"2141","A",,"656","377890","4402793","1","1","1",,"30","1",,,1126922,18,30
45,"2142","A",,"656","376890","4400793","1","1","1",,"35","1",,,1127277,18,30
45,"2143","A",,"656","372890","4398793","1","1","5",,"40","1",,,1136219,33,30
45,"2144","A",,"656","377890","4398793","1","1","3",,"20","9",,,1133227,34,30
45,"2145","A",,"656","384890","4397793","1","2","1",,"15","1",,,1126003,31,30
45,"2146","A",,"657","405890","4394793","1","2","3",,"10","9",,,1132769,34,30
45,"2147","A",,"657","408890","4391793","1","1","5",,"40","1",,,1136214,33,30
45,"2162","A",,"682","335890","4376793","1","2","1",,"10","1",,,1125229,18,30
45,"2169","A",,"683","367890","4385793","1","1","1",,"50","1",,,1128286,18,30
45,"2170","A",,"683","366890","4384793","1","1","1",,"35","1",,,1127216,18,30
45,"2171","A",,"683","357890","4383793","1","2","1",,"15","1",,,1125617,18,30
45,"2175","A",,"683","357890","4381793","1","2","1",,"15","1",,,1125978,31,30
45,"2184","A",,"684","372890","4389793","1","1","5",,"70","1",,,1136480,33,30
45,"2187","A",,"684","391890","4386793","1","1","1",,"40","1",,,1127661,18,30
45,"2189","A",,"684","390890","4384793","1","1","1",,"30","1",,,1126972,18,30
45,"2190","A",,"684","394890","4383793","1","1","1",,"20","1",,,1126302,18,30
45,"2192","A",,"684","396890","4382793","1","1","1",,"20","1",,,1126303,18,30
45,"2193","A",,"684","387890","4381793","1","1","1",,"50","1",,,1128429,18,30
45,"2195","A",,"684","389890","4380793","1","1","3",,"20","9",,,1133190,34,30
45,"2198","A",,"684","378890","4379793","1","1","1",,"70","1",,,1129448,15,30
45,"2200","A",,"684","393890","4378793","1","1","1",,"65","1",,,1129379,31,30
45,"2201","A",,"684","372890","4376793","1","1","1",,"65","1",,,1129339,19,30
45,"2203","A",,"684","385890","4376793","1","1","1",,"60","1",,,1129165,61,30
45,"2204","A",,"684","388890","4376793","1","1","1",,"60","1",,,1128873,18,30
45,"2205","A",,"684","378890","4375793","1","1","1",,"60","1",,,1129090,31,30
45,"2206","A",,"684","389890","4375793","1","1","1",,"60","1",,,1128799,15,30
45,"2207","A",,"684","371890","4374793","1","1","2",,"60","1",,,1132131,23,30
45,"2208","A",,"685","402890","4389793","1","2","1",,"15","1",,,1125764,18,30
45,"2210","A",,"685","399890","4388793","1","2","1",,"15","1",,,1125893,18,30
45,"2212","A",,"685","398890","4385793","1","1","1",,"25","1",,,1126681,18,30
45,"2216","A",,"685","408890","4382793","1","2","3",,"15","9",,,1132961,34,30
45,"2219","A",,"685","421890","4381793","1","1","1",,"70","1",,,1129765,403,30
45,"2221","A",,"685","418890","4379793","1","1","1",,"65","1",,,1129275,18,30
45,"2224","A",,"685","424890","4374793","1","1","5",,"20","1",,,1136116,33,30
45,"2225","A",,"685","412890","4372793","1","1","3",,"35","9",,,1133701,34,30
45,"2230","A",,"686","436890","4382792","1","2","1",,"10","1",,,1125151,7,30
45,"2231","A",,"686","437890","4380792","1","1","1",,"20","1",,,1126061,7,30
45,"2236","A",,"709","358890","4369793","1","1","1",,"65","1",,,1129385,31,30
45,"2250","A",,"711","410890","4360793","1","2","3",,"15","9",,,1132894,34,30
45,"2253","A",,"712","432890","4368793","1","2","3",,"10","9",,,1132713,34,30
45,"2254","A",,"712","436890","4367793","1","1","1",,"20","1",,,1126207,18,30
45,"2255","A",,"712","430890","4365793","1","1","5",,"40","1",,,1136215,33,30
45,"2257","A",,"712","429889","4357793","1","1","1",,"45","1",,,1128112,18,30
45,"2258","A",,"712","444889","4357792","1","1","2",,"35","1",,,1131871,393,30
45,"2260","A",,"712","431889","4356793","1","1","1",,"35","1",,,1127259,18,30
45,"2265","A",,"713","471890","4370792","1","1","5",,"35","1",,,1136183,33,30
45,"2266","A",,"736","419889","4353793","1","1","1",,"25","1",,,1126532,18,30
45,"2268","A",,"736","417889","4350793","1","1","1",,"25","1",,,1126496,16,30
45,"2270","A",,"737","433889","4351793","1","1","1",,"70","1",,,1129530,18,30
45,"2272","A",,"737","443889","4351792","1","1","1",,"20","1",,,1126113,18,30
45,"3000","A",,"603","392890","4444793","1","2","2",,"15","1",,,1131425,23,30
45,"3001","A",,"604","401890","4437793","1","1","2",,"20","1",,,1131562,23,30
45,"3002","A",,"606","459890","4431793","1","1","2",,"25","1",,,1131686,24,30
45,"3003","A",,"606","480890","4431792","1","1","2",,"60","1",,,1132158,24,30
45,"3004","A",,"606","467890","4430793","2","0","0",,"0","0",,,1138463,23,30
45,"3005","A",,"606","471890","4430792","1","2","2",,"15","6",,,1131508,24,30
45,"3006","A",,"606","469890","4429793","1","1","2",,"30","1",,,1131772,24,30
45,"3008","A",,"628","389890","4414793","1","2","2",,"15","1",,,1131415,23,30
45,"3009","A",,"628","397890","4411793","1","2","2",,"15","1",,,1131426,23,30
45,"3010","A",,"629","403890","4420793","1","2","2",,"15","1",,,1131418,23,30
45,"3011","A",,"629","400890","4417793","1","2","2",,"15","1",,,1131495,24,30
45,"3013","A",,"630","454890","4427793","1","1","2",,"20","1",,,1131595,24,30
45,"3015","A",,"630","454890","4424793","1","2","2",,"15","1",,,1131499,24,30
45,"3017","A",,"630","450890","4421792","1","1","2",,"20","1",,,1131592,24,30
45,"3018","A",,"630","450890","4420792","1","2","2",,"15","1",,,1131497,24,30
45,"3019","A",,"630","453890","4414792","1","2","2",,"10","1",,,1130138,24,30
45,"3020","A",,"630","452890","4411792","1","2","2",,"15","1",,,1131487,24,30
45,"3022","A",,"631","458890","4427793","1","1","2",,"20","1",,,1131565,24,30
45,"3024","A",,"631","466890","4425793","1","2","2",,"15","1",,,1131449,24,30
45,"3029","A",,"657","421890","4394793","1","1","2",,"45","1",,,1131954,23,30
45,"3030","A",,"658","451890","4396792","1","1","2",,"20","1",,,1131587,24,30
45,"3031","A",,"658","444890","4394792","1","1","2",,"25","1",,,1131697,24,30
45,"3032","A",,"658","446890","4392792","1","1","2",,"25","1",,,1131676,24,30
45,"3033","A",,"658","442890","4391792","1","2","2",,"15","1",,,1131428,23,30
45,"3034","A",,"659","461890","4405792","1","1","2",,"40","6",,,1131906,24,30
45,"3035","A",,"659","465890","4405792","1","1","2",,"30","1",,,1131769,24,30
45,"3036","A",,"659","461890","4396792","1","1","2",,"35","1",,,1131835,24,30
45,"3038","A",,"682","324890","4383794","1","1","2",,"40","1",,,1131920,61,30
45,"3039","A",,"682","336890","4379793","1","1","2",,"70","1",,,1132391,61,30
45,"3043","A",,"683","361890","4373793","1","1","2",,"20","1",,,1131635,61,30
45,"3044","A",,"686","445890","4388792","1","1","2",,"30","1",,,1131749,24,30
45,"3045","A",,"686","442890","4386792","1","1","2",,"30","1",,,1131735,23,30
45,"3048","A",,"709","353890","4369793","1","1","2",,"30","1",,,1131739,23,30
45,"3049","A",,"709","349890","4365793","1","1","2",,"35","1",,,1131820,23,30
45,"3100","N",,"625","295891","4419793","1","2","2",,"10","1",,,1131105,888,30
45,"3101","N",,"625","296891","4425793","1","2","3",,"15","9",,,1133005,34,30
45,"3102","N",,"625","300890","4420793","1","2","2",,"10","1",,,1131128,888,30
45,"3103","N",,"600","300891","4442794","1","1","1",,"45","1",,,1128158,19,30
45,"3104","N",,"625","301890","4421793","1","2","2",,"10","1",,,1131125,888,30
45,"3105","N",,"625","304890","4422793","1","2","2",,"10","1",,,1131136,888,30
45,"3106","N",,"625","309890","4423793","1","2","2",,"10","1",,,1131147,888,30
45,"3107","N",,"625","310890","4422793","1","1","2",,"45","1",,,1131943,23,30
45,"3108","N",,"681","310890","4385794","1","1","2",,"20","1",,,1131630,61,30
45,"3109","N",,"682","312890","4384794","1","2","1",,"16","1",,,1140148,15,30
45,"3110","N",,"682","314890","4380794","1","1","1",,"45","1",,,1128005,15,30
45,"3111","N",,"654","316890","4401794","1","1","3",,"30","9",,,1133589,34,30
45,"3112","N",,"654","317890","4394794","1","2","2",,"10","1",,,1130683,888,30
45,"3113","N",,"626","324890","4419793","1","2","3",,"10","9",,,1132791,34,30
45,"3114","N",,"682","324890","4375794","1","2","2",,"10","1",,,1130371,888,30
45,"3115","N",,"708","329890","4365793","1","1","1",,"55","6",,,1128755,888,30
45,"3116","N",,"654","330890","4393793","1","2","1",,"15","1",,,1125653,18,30
45,"3117","N",,"682","330890","4376793","1","1","1",,"55","1",,,1128754,888,30
45,"3118","N",,"708","333890","4367793","1","1","1",,"65","1",,,1129335,19,30
45,"3119","N",,"682","334890","4385793","1","1","2",,"50","1",,,1132070,61,30
45,"3120","N",,"654","336890","4409793","1","1","5",,"70","1",,,1136475,33,30
45,"3121","N",,"601","337890","4435793","1","1","3",,"35","9",,,1133743,34,30
45,"3122","N",,"682","338890","4379793","1","1","2",,"45","1",,,1131997,61,30
45,"3123","N",,"626","339890","4428793","1","1","1",,"35","1",,,1127226,18,30
45,"3124","N",,"627","343890","4421793","1","1","2",,"65","1",,,1132246,24,30
45,"3125","N",,"683","343890","4390793","1","2","2",,"10","1",,,1130579,888,30
45,"3126","N",,"683","344890","4388793","1","1","1",,"65","1",,,1129333,19,30
45,"3127","N",,"602","346890","4429793","1","1","3",,"45","9",,,1133952,34,30
45,"3128","N",,"709","347890","4365793","1","1","1",,"35","1",,,1127398,19,30
45,"3129","N",,"602","348890","4435793","1","1","1",,"70","1",,,1129772,403,30
45,"3130","N",,"627","348890","4418793","1","1","1",,"35","1",,,1127297,18,30
45,"3131","N",,"709","348890","4365793","1","1","1",,"35","1",,,1127397,19,30
45,"3132","N",,"709","348890","4364793","1","2","1",,"10","1",,,1125466,19,30
45,"3133","N",,"709","349890","4367793","1","1","1",,"55","1",,,1128697,19,30
45,"3134","N",,"627","350890","4415793","1","2","2",,"10","1",,,1131068,888,30
45,"3135","N",,"709","350890","4366793","1","1","1",,"45","1",,,1128151,19,30
45,"3136","N",,"602","351890","4444793","1","1","1",,"50","1",,,1128221,15,30
45,"3137","N",,"709","351890","4367793","1","1","1",,"35","1",,,1127400,19,30
45,"3138","N",,"709","352890","4368793","1","1","1",,"65","1",,,1129341,19,30
45,"3139","N",,"709","352890","4367793","1","1","1",,"35","1",,,1127402,19,30
45,"3140","N",,"709","353890","4367793","1","1","1",,"45","1",,,1128154,19,30
45,"3141","N",,"709","354890","4368793","1","1","1",,"80","1",,,1129961,19,30
45,"3142","N",,"709","356890","4368793","1","2","2",,"15","1",,,1131376,19,30
45,"3143","N",,"709","357890","4369793","1","1","1",,"80","1",,,1129959,19,30
45,"3144","N",,"683","358890","4375793","1","1","1",,"70","1",,,1129480,15,30
45,"3145","N",,"683","360890","4381793","1","2","1",,"15","1",,,1125571,15,30
45,"3146","N",,"709","360890","4372793","1","2","2",,"10","1",,,1130327,888,30
45,"3147","N",,"709","360890","4368793","1","2","1",,"10","1",,,1125473,19,30
45,"3148","N",,"602","361890","4437793","1","1","3",,"35","9",,,1133748,34,30
45,"3149","N",,"683","362890","4376793","1","1","1",,"60","1",,,1128766,15,30
45,"3150","N",,"683","363890","4386793","1","1","1",,"35","1",,,1127222,18,30
45,"3151","N",,"683","363890","4382793","1","1","1",,"65","1",,,1129241,15,30
45,"3152","N",,"655","364890","4397793","1","1","2",,"45","1",,,1131944,23,30
45,"3153","N",,"627","367890","4417793","1","1","5",,"35","1",,,1136170,33,30
45,"3154","N",,"683","367890","4380793","1","1","1",,"45","1",,,1128150,19,30
45,"3155","N",,"603","371890","4437793","1","1","5",,"60","1",,,1136382,33,30
45,"3156","N",,"684","371890","4387793","1","1","1",,"30","1",,,1127135,403,30
45,"3157","N",,"684","372890","4380793","1","1","1",,"60","1",,,1128768,15,30
45,"3158","N",,"684","373890","4378793","1","1","1",,"80","1",,,1129902,15,30
45,"3159","N",,"684","374890","4377793","1","1","1",,"60","1",,,1128790,15,30
45,"3160","N",,"684","375890","4380793","1","1","1",,"80","1",,,1129915,15,30
45,"3161","N",,"603","376890","4440793","1","2","2",,"10","1",,,1131268,888,30
45,"3162","N",,"684","376890","4378793","1","2","1",,"15","1",,,1125572,15,30
45,"3163","N",,"684","377890","4375793","1","2","1",,"15","1",,,1125641,18,30
45,"3164","N",,"603","378890","4445793","1","1","5",,"70","1",,,1136464,33,30
45,"3165","N",,"684","380890","4375793","1","1","1",,"40","1",,,1127540,15,30
45,"3166","N",,"580","381890","4459793","1","1","1",,"20","6",,,1126480,403,30
45,"3167","N",,"684","381890","4373793","1","2","1",,"15","1",,,1125944,19,30
45,"3168","N",,"580","382890","4450793","1","1","3",,"30","9",,,1133636,34,30
45,"3169","N",,"628","382890","4426793","1","2","2",,"10","1",,,1131162,888,30
45,"3170","N",,"684","382890","4373793","1","2","1",,"15","1",,,1125943,19,30
45,"3171","N",,"684","392890","4375793","1","1","1",,"50","1",,,1128265,16,30
45,"3172","N",,"684","392890","4374793","1","1","1",,"20","1",,,1126152,18,30
45,"3173","N",,"603","393890","4443793","1","2","2",,"15","1",,,1131424,23,30
45,"3174","N",,"684","393890","4375793","1","1","1",,"50","1",,,1128265,16,30
45,"3175","N",,"580","398890","4458793","1","1","3",,"30","9",,,1133642,34,30
45,"3176","N",,"604","401890","4441793","1","2","2",,"10","1",,,1131273,888,30
45,"3177","N",,"685","402890","4381793","1","2","1",,"10","1",,,1125170,15,30
45,"3178","N",,"685","406890","4382793","1","1","1",,"55","1",,,1128603,18,30
45,"3179","N",,"657","407890","4391793","1","2","2",,"10","1",,,1130621,888,30
45,"3180","N",,"711","409890","4366793","1","2","1",,"10","1",,,1125493,31,30
45,"3181","N",,"711","411890","4367793","1","1","1",,"30","1",,,1126777,16,30
45,"3182","N",,"657","412890","4408793","1","2","2",,"15","1",,,1131412,23,30
45,"3183","N",,"604","413890","4440793","1","1","5",,"30","1",,,1136151,33,30
45,"3184","N",,"629","416890","4412793","1","1","2",,"70","1",,,1132320,24,30
45,"3185","N",,"629","417890","4419793","1","2","2",,"10","1",,,1131098,888,30
45,"3186","N",,"685","418890","4373793","1","2","2",,"10","1",,,1130353,888,30
45,"3187","N",,"685","419890","4383793","1","1","3",,"20","9",,,1133202,34,30
45,"3188","N",,"711","419890","4365793","1","2","2",,"10","1",,,1130263,888,30
45,"3189","N",,"711","420890","4365793","1","1","1",,"25","1",,,1126733,61,30
45,"3190","N",,"657","421890","4406793","1","2","2",,"10","1",,,1130896,888,30
45,"3191","N",,"711","422890","4369793","1","1","1",,"25","1",,,1126716,31,30
45,"3192","N",,"657","423890","4407793","1","2","2",,"10","1",,,1130901,888,30
45,"3193","N",,"711","423890","4368793","1","1","1",,"40","1",,,1127633,18,30
45,"3194","N",,"630","431890","4427792","1","2","2",,"10","1",,,1131171,888,30
45,"3195","N",,"630","432890","4426792","1","1","2",,"60","1",,,1132165,24,30
45,"3196","N",,"686","434890","4379792","1","2","2",,"10","1",,,1130423,888,30
45,"3197","N",,"630","435890","4410792","1","2","2",,"10","1",,,1130970,888,30
45,"3198","N",,"605","436890","4434792","1","1","2",,"35","1",,,1131852,24,30
45,"3199","N",,"630","438890","4419792","1","1","2",,"40","1",,,1131904,24,30
45,"3200","N",,"605","439890","4439792","1","1","1",,"70","1",,,1129663,24,30
45,"3201","N",,"630","439890","4410792","1","2","2",,"10","1",,,1130973,888,30
45,"3202","N",,"737","443889","4353792","1","2","1",,"10","1",,,1125191,18,30
45,"3203","N",,"630","445890","4423792","1","2","2",,"10","1",,,1130143,24,30
45,"3204","N",,"630","447890","4425792","1","2","2",,"10","1",,,1130127,24,30
45,"3205","N",,"658","450890","4396792","1","2","2",,"10","1",,,1130764,888,30
45,"3206","N",,"686","452890","4382792","1","1","2",,"20","6",,,1131606,24,30
45,"3207","N",,"712","453889","4354792","1","2","2",,"15","1",,,1131387,23,30
45,"3208","N",,"630","453890","4423793","1","1","1",,"65","1",,,1129354,24,30
45,"3209","N",,"630","454890","4423793","1","1","2",,"70","1",,,1132335,24,30
45,"3210","N",,"713","462889","4370792","1","2","2",,"10","1",,,1130298,888,30
45,"3211","N",,"687","464890","4390792","1","2","2",,"10","1",,,1130580,888,30
45,"3212","N",,"606","466890","4431793","1","1","2",,"20","1",,,1131579,24,30
45,"3213","N",,"713","467890","4369792","1","2","2",,"10","1",,,1130290,888,30
45,"3214","N",,"606","471890","4432792","1","1","5",,"70","1",,,1136458,33,30
45,"3215","N",,"606","473890","4429792","1","2","2",,"10","1",,,1131189,888,30
45,"3216","N",,"687","474890","4377792","1","1","2",,"20","1",,,1131614,33,30
45,"3217","N",,"687","477890","4373792","1","2","2",,"10","1",,,1130333,888,30
45,"3218","N",,"687","479890","4377792","1","1","2",,"25","1",,,1131672,24,30
45,"3219","N",,"632","484890","4411792","1","2","3",,"15","9",,,1132994,34,30
45,"3220","N",,"607","485890","4434792","1","1","2",,"20","1",,,1131604,24,30
45,"3221","N",,"607","485890","4427792","1","1","2",,"50","1",,,1132030,24,30
45,"3222","N",,"688","485890","4378792","1","2","2",,"10","1",,,1130405,888,30
45,"3223","N",,"688","504890","4382792","1","1","1",,"50","1",,,1128358,18,30
45,"3224","N",,"688","492890","4410792","1","1","1",,"50","1",,,1132785,34,30
